Muhammed MacIntyre,40
Barry French,30
Barry Alder,45
Clay Rozendal,35
Muhammed MacIntyre,40
Barry French,30
Barry Alder,45
Clay Rozendal,35
Muhammed MacIntyre,40
Barry French,30
Barry Alder,45
Clay Rozendal,35
Muhammed MacIntyre,40
Barry French,30
Barry Alder,45
Clay Rozendal,35
Muhammed MacIntyre,40
Barry French,30
Barry Alder,45
Clay Rozendal,35
Muhammed MacIntyre,40
Barry French,30
Barry Alder,45
Clay Rozendal,35
Elle Ted,23
Muhammed MacIntyre,40
Barry French,30
Barry Alder,45
Clay Rozendal,35
Muhammed MacIntyre,40
Barry French,30
Barry Alder,45
Clay Rozendal,35
Muhammed MacIntyre,40
Barry French,30
Barry Alder,45
Clay Rozendal,35
Muhammed MacIntyre,40
Barry French,30
Barry Alder,45
Clay Rozendal,35
Muhammed MacIntyre,40
Barry French,30
Barry Alder,45
Clay Rozendal,35
Muhammed MacIntyre,40
Barry French,30
Barry Alder,45
Clay Rozendal,35
Elle Ted,23
Muhammed MacIntyre,40
Barry French,30
Barry Alder,45
Clay Rozendal,35
Muhammed MacIntyre,40
Barry French,30
Barry Alder,45
Clay Rozendal,35
Muhammed MacIntyre,40
Barry French,30
Barry Alder,45
Clay Rozendal,35
Muhammed MacIntyre,40
Barry French,30
Barry Alder,45
Clay Rozendal,35
Muhammed MacIntyre,40
Barry French,30
Barry Alder,45
Clay Rozendal,35
Muhammed MacIntyre,40
Barry French,30
Barry Alder,45
Clay Rozendal,35
Elle Ted,23
Muhammed MacIntyre,40
Barry French,30
Barry Alder,45
Clay Rozendal,35
Muhammed MacIntyre,40
Barry French,30
Barry Alder,45
Clay Rozendal,35
Muhammed MacIntyre,40
Barry French,30
Barry Alder,45
Clay Rozendal,35
Muhammed MacIntyre,40
Barry French,30
Barry Alder,45
Clay Rozendal,35
Muhammed MacIntyre,40
Barry French,30
Barry Alder,45
Clay Rozendal,35
Muhammed MacIntyre,40
Barry French,30
Barry Alder,45
Clay Rozendal,35
Elle Ted,23
